{"title":"potato","author":"a","designer":"a","bpm":"120","notes":[{"t":1,"a":0.5,"s":1000},{"t":2,"a":1.0,"s":1000},{"t":3,"a":1.5,"s":1000},{"t":4,"a":2.0,"s":1000},{"t":5,"a":0.5,"s":1000},{"t":6,"a":1.0,"s":1000},{"t":7,"a":1.5,"s":1000},{"t":8,"a":2.0,"s":1000},{"t":9,"a":0.5,"s":1000},{"t":10,"a":1.0,"s":1000},{"t":11,"a":1.5,"s":1000},{"t":12,"a":2.0,"s":1000},{"t":13,"a":0.5,"s":1000},{"t":14,"a":1.0,"s":1000},{"t":15,"a":1.5,"s":1000},{"t":16,"a":2.0,"s":1000},{"t":17,"a":0.5,"s":1000},{"t":18,"a":1.0,"s":1000},{"t":19,"a":1.5,"s":1000}],"music":"file.wav"}
